captcha_00000395.jpg,8279
captcha_00001165.jpg,0382
captcha_00001435.jpg,0602
captcha_00001596.jpg,7096
captcha_00001871.jpg,7135
captcha_00002047.jpg,2058
captcha_00002433.jpg,5101
captcha_00002886.jpg,8100
captcha_00002955.jpg,9707
captcha_00003591.jpg,6100
captcha_00003832.jpg,0230
captcha_00004167.jpg,6305
captcha_00004290.jpg,4285
captcha_00004478.jpg,1011
captcha_00005344.jpg,0411
captcha_00005710.jpg,4716
captcha_00006329.jpg,6858
captcha_00006480.jpg,0891
captcha_00006516.jpg,8740
captcha_00006537.jpg,1318
captcha_00007223.jpg,1253
captcha_00007269.jpg,5025
captcha_00007287.jpg,2676
captcha_00007291.jpg,8543
captcha_00007943.jpg,8589
captcha_00008959.jpg,7706
captcha_00009442.jpg,1140
captcha_00009780.jpg,7585
captcha_00009846.jpg,4162
captcha_00010004.jpg,0647
captcha_00010603.jpg,0375
captcha_00010815.jpg,9560
captcha_00010884.jpg,5588
captcha_00011129.jpg,6972
captcha_00011823.jpg,4620
captcha_00011859.jpg,3238
captcha_00011880.jpg,4640
captcha_00012062.jpg,3910
captcha_00012125.jpg,7655
captcha_00012165.jpg,0848
captcha_00013739.jpg,5010
captcha_00014143.jpg,8203
captcha_00014198.jpg,5530
captcha_00014986.jpg,8820
captcha_00015180.jpg,1546
captcha_00015602.jpg,0508
captcha_00015836.jpg,6895
captcha_00016305.jpg,8861
captcha_00016518.jpg,9341
captcha_00017512.jpg,5155
captcha_00017590.jpg,0345
captcha_00017769.jpg,8738
captcha_00018260.jpg,5159
captcha_00018576.jpg,0089
captcha_00019200.jpg,6358
captcha_00019424.jpg,9912
captcha_00019552.jpg,2560
captcha_00019839.jpg,8249
captcha_00020502.jpg,0755
captcha_00021176.jpg,4520
captcha_00021584.jpg,4317
captcha_00021973.jpg,2667
captcha_00022419.jpg,0313
captcha_00022617.jpg,0613
captcha_00023209.jpg,1009
captcha_00023253.jpg,5732
captcha_00023652.jpg,7882
captcha_00023986.jpg,1685
captcha_00024138.jpg,1004
captcha_00025059.jpg,1995
captcha_00025998.jpg,2067
captcha_00026076.jpg,0309
captcha_00026264.jpg,7470
captcha_00026537.jpg,0979
captcha_00026710.jpg,3676
captcha_00026752.jpg,2975
captcha_00026877.jpg,1501
captcha_00026968.jpg,0557
captcha_00027347.jpg,1512
captcha_00027596.jpg,1440
captcha_00027968.jpg,5311
captcha_00028305.jpg,6207
captcha_00028344.jpg,5061
captcha_00028369.jpg,7002
captcha_00028423.jpg,7972
captcha_00028934.jpg,6189
captcha_00028939.jpg,6189
captcha_00029864.jpg,1935
captcha_00029932.jpg,1086
captcha_00029995.jpg,3006
captcha_00030009.jpg,3034
captcha_00030132.jpg,3706
captcha_00030260.jpg,0293
captcha_00030330.jpg,2910
captcha_00030574.jpg,3132
captcha_00031057.jpg,0354
captcha_00031164.jpg,3134
captcha_00031243.jpg,6419
captcha_00032815.jpg,8300
captcha_00033365.jpg,0200
captcha_00034038.jpg,4495
captcha_00034400.jpg,9472
captcha_00035926.jpg,2513
captcha_00036292.jpg,1090
captcha_00036643.jpg,2532
captcha_00036740.jpg,9606
captcha_00036923.jpg,0582
captcha_00037850.jpg,3632
captcha_00038065.jpg,4221
captcha_00039222.jpg,5550
captcha_00039283.jpg,3465
captcha_00039444.jpg,7658
captcha_00039445.jpg,2140
captcha_00041917.jpg,7307
captcha_00043721.jpg,5418
captcha_00043949.jpg,5400
captcha_00044311.jpg,4017
captcha_00044823.jpg,8674
captcha_00045071.jpg,1743
captcha_00045134.jpg,3115
captcha_00045221.jpg,6835
captcha_00046346.jpg,4684
captcha_00046500.jpg,2703
captcha_00046897.jpg,6578
captcha_00047851.jpg,2575
captcha_00050621.jpg,0016
captcha_00051833.jpg,0621
captcha_00051940.jpg,6303
captcha_00052181.jpg,3187
captcha_00053140.jpg,5800
captcha_00053265.jpg,4409
captcha_00053924.jpg,5504
captcha_00056015.jpg,4091
captcha_00056261.jpg,7652
captcha_00056648.jpg,7851
captcha_00059121.jpg,5405
captcha_00060132.jpg,6051
captcha_00060316.jpg,0458
captcha_00060667.jpg,5789
captcha_00061351.jpg,0711
captcha_00061832.jpg,6892
captcha_00062016.jpg,2203
captcha_00062357.jpg,2379
captcha_00062424.jpg,8853
captcha_00062456.jpg,9509
captcha_00062551.jpg,9070
captcha_00062778.jpg,5508
captcha_00063636.jpg,4002
captcha_00063896.jpg,0113
captcha_00063941.jpg,2604
captcha_00064143.jpg,1305
captcha_00064194.jpg,3025
captcha_00064199.jpg,9669
captcha_00064593.jpg,1074
captcha_00064638.jpg,5705
captcha_00064833.jpg,4005
captcha_00065617.jpg,8710
captcha_00065675.jpg,3269
captcha_00066733.jpg,3309
captcha_00066758.jpg,5300
captcha_00066996.jpg,7200
captcha_00068040.jpg,7063
captcha_00068259.jpg,4500
captcha_00068820.jpg,0010
captcha_00068875.jpg,0760
captcha_00068906.jpg,4319
captcha_00069018.jpg,0099
captcha_00069020.jpg,8202
captcha_00069282.jpg,8129
captcha_00069576.jpg,0914
captcha_00069695.jpg,0308
captcha_00069780.jpg,6019
captcha_00070088.jpg,5025
